批次	样本名	24标签	barcode新编号	barcode原编号	RUN号	DPN名称	服务器	fastq文件	reads数	参考序列	参考长度bp	备注
第一批	STR1-1	24标签-1	barcode-01	Adaptor-barcode251-4	20260723_250302Y0001_Run0003			/data1/ccs_data/str-optimization/first-batch-of-data/20260723_250302Y0001_Run0003/barcode_assign/Barcode01.fastq	28320	/data1/ccs_data/str-optimization/first-batch-of-data/STR第一批一代测序/STR一代测序/merged_output/260623STR1-1.fa	1007	xlsx 未标注 RUN 号，按确认的最新 run 展开
第一批	STR1-2	24标签-2	barcode-02	Adaptor-barcode250-4	20260723_250302Y0001_Run0003			/data1/ccs_data/str-optimization/first-batch-of-data/20260723_250302Y0001_Run0003/barcode_assign/Barcode02.fastq	35293	/data1/ccs_data/str-optimization/first-batch-of-data/STR第一批一代测序/STR一代测序/merged_output/260623STR1-2.fa	437	xlsx 未标注 RUN 号，按确认的最新 run 展开
第一批	STR1-5	24标签-3	barcode-03	Adaptor-barcode271-3	20260723_250302Y0001_Run0003			/data1/ccs_data/str-optimization/first-batch-of-data/20260723_250302Y0001_Run0003/barcode_assign/Barcode03.fastq	45228	/data1/ccs_data/str-optimization/first-batch-of-data/STR第一批一代测序/STR一代测序/merged_output/260623STR1-5.fa	1028	xlsx 未标注 RUN 号，按确认的最新 run 展开
第一批	STR1-8	24标签-4	barcode-04	Adaptor-barcode266-2	20260723_250302Y0001_Run0003			/data1/ccs_data/str-optimization/first-batch-of-data/20260723_250302Y0001_Run0003/barcode_assign/Barcode04.fastq	21595	/data1/ccs_data/str-optimization/first-batch-of-data/STR第一批一代测序/STR一代测序/merged_output/260623STR1-8.fa	1039	xlsx 未标注 RUN 号，按确认的最新 run 展开
第一批	STR2-1	24标签-5	barcode-05	Adaptor-barcode229-0	20260723_250302Y0001_Run0003			/data1/ccs_data/str-optimization/first-batch-of-data/20260723_250302Y0001_Run0003/barcode_assign/Barcode05.fastq	52506	/data1/ccs_data/str-optimization/first-batch-of-data/STR第一批一代测序/STR一代测序/merged_output/260623STR2-1.fa	1053	xlsx 未标注 RUN 号，按确认的最新 run 展开
第一批	STR2-2	24标签-6	barcode-06	Adaptor-barcode255-3	20260723_250302Y0001_Run0003			/data1/ccs_data/str-optimization/first-batch-of-data/20260723_250302Y0001_Run0003/barcode_assign/Barcode06.fastq	8415	/data1/ccs_data/str-optimization/first-batch-of-data/STR第一批一代测序/STR一代测序/merged_output/260623STR2-2.fa	986	xlsx 未标注 RUN 号，按确认的最新 run 展开
第一批	STR2-3	24标签-7	barcode-07	Adaptor-barcode261-3	20260723_250302Y0001_Run0003			/data1/ccs_data/str-optimization/first-batch-of-data/20260723_250302Y0001_Run0003/barcode_assign/Barcode07.fastq	5588	/data1/ccs_data/str-optimization/first-batch-of-data/STR第一批一代测序/STR一代测序/merged_output/260623STR2-3.fa	1006	xlsx 未标注 RUN 号，按确认的最新 run 展开
第一批	STR2-4	24标签-8	barcode-08	Adaptor-barcode206-3	20260723_250302Y0001_Run0003			/data1/ccs_data/str-optimization/first-batch-of-data/20260723_250302Y0001_Run0003/barcode_assign/Barcode08.fastq	15520	/data1/ccs_data/str-optimization/first-batch-of-data/STR第一批一代测序/STR一代测序/merged_output/260623STR2-4.fa	1010	xlsx 未标注 RUN 号，按确认的最新 run 展开
第一批	STR2-9	24标签-9	barcode-09	Adaptor-barcode230-2	20260723_250302Y0001_Run0003			/data1/ccs_data/str-optimization/first-batch-of-data/20260723_250302Y0001_Run0003/barcode_assign/Barcode09.fastq	19895	/data1/ccs_data/str-optimization/first-batch-of-data/STR第一批一代测序/STR一代测序/merged_output/260623STR2-9.fa	1013	xlsx 未标注 RUN 号，按确认的最新 run 展开
第一批	STR3-3	24标签-10	barcode-10	Adaptor-barcode256-3	20260723_250302Y0001_Run0003			/data1/ccs_data/str-optimization/first-batch-of-data/20260723_250302Y0001_Run0003/barcode_assign/Barcode10.fastq	30915	/data1/ccs_data/str-optimization/first-batch-of-data/STR第一批一代测序/STR一代测序/merged_output/260623STR3-3.fa	989	xlsx 未标注 RUN 号，按确认的最新 run 展开
第二批	3N-1	24标签-1	barcode-01	Adaptor-barcode251-4	20260805_250302Y0001_Run0007	1-15	72 服务器	/data1/ccs_data/str-optimization/second-batch-of-data/20260805_250302Y0001_Run0007/barcode_assign/Barcode01.fastq	7504	/data1/ccs_data/str-optimization/second-batch-of-data/sanger_result/merged_output/STR3N-1.intersect.fa	871	
第二批	5-3	24标签-2	barcode-02	Adaptor-barcode250-4	20260805_250302Y0001_Run0007	1-15	72 服务器	/data1/ccs_data/str-optimization/second-batch-of-data/20260805_250302Y0001_Run0007/barcode_assign/Barcode02.fastq	23633	/data1/ccs_data/str-optimization/second-batch-of-data/sanger_result/merged_output/STR5-3.intersect.fa	784	
第二批	5-8	24标签-3	barcode-03	Adaptor-barcode271-3	20260805_250302Y0001_Run0007	1-15	72 服务器	/data1/ccs_data/str-optimization/second-batch-of-data/20260805_250302Y0001_Run0007/barcode_assign/Barcode03.fastq	12261	/data1/ccs_data/str-optimization/second-batch-of-data/sanger_result/merged_output/STR5-8.intersect.fa	790	
第二批	5-10	24标签-4	barcode-04	Adaptor-barcode266-2	20260805_250302Y0001_Run0007	1-15	72 服务器	/data1/ccs_data/str-optimization/second-batch-of-data/20260805_250302Y0001_Run0007/barcode_assign/Barcode04.fastq	25085	/data1/ccs_data/str-optimization/second-batch-of-data/sanger_result/merged_output/STR5-10.intersect.fa	787	
第二批	5-12	24标签-5	barcode-05	Adaptor-barcode229-0	20260805_250302Y0001_Run0007	1-15	72 服务器	/data1/ccs_data/str-optimization/second-batch-of-data/20260805_250302Y0001_Run0007/barcode_assign/Barcode05.fastq	18436	/data1/ccs_data/str-optimization/second-batch-of-data/sanger_result/merged_output/STR5-12.intersect.fa	789	
第二批	5-15	24标签-6	barcode-06	Adaptor-barcode255-3	20260805_250302Y0001_Run0007	1-15	72 服务器	/data1/ccs_data/str-optimization/second-batch-of-data/20260805_250302Y0001_Run0007/barcode_assign/Barcode06.fastq	10892	/data1/ccs_data/str-optimization/second-batch-of-data/sanger_result/merged_output/STR5-15.intersect.fa	780	
第二批	7-10	24标签-7	barcode-07	Adaptor-barcode261-3	20260805_250302Y0001_Run0007	1-15	72 服务器	/data1/ccs_data/str-optimization/second-batch-of-data/20260805_250302Y0001_Run0007/barcode_assign/Barcode07.fastq	10718	/data1/ccs_data/str-optimization/second-batch-of-data/sanger_result/merged_output/STR7-10.intersect.fa	687	
第二批	12-9	24标签-8	barcode-08	Adaptor-barcode206-3	20260805_250302Y0001_Run0007	1-15	72 服务器	/data1/ccs_data/str-optimization/second-batch-of-data/20260805_250302Y0001_Run0007/barcode_assign/Barcode08.fastq	8588	/data1/ccs_data/str-optimization/second-batch-of-data/sanger_result/merged_output/STR12-9.intersect.fa	677	
第二批	25-1	24标签-9	barcode-09	Adaptor-barcode230-2	20260805_250302Y0001_Run0007	1-15	72 服务器	/data1/ccs_data/str-optimization/second-batch-of-data/20260805_250302Y0001_Run0007/barcode_assign/Barcode09.fastq	15655	/data1/ccs_data/str-optimization/second-batch-of-data/sanger_result/merged_output/STR25-1.intersect.fa	788	
第二批	27-1	24标签-10	barcode-10	Adaptor-barcode256-3	20260805_250302Y0001_Run0007	1-15	72 服务器	/data1/ccs_data/str-optimization/second-batch-of-data/20260805_250302Y0001_Run0007/barcode_assign/Barcode10.fastq	14408	/data1/ccs_data/str-optimization/second-batch-of-data/sanger_result/merged_output/STR27-1.intersect.fa	384	
第二批	27-4	24标签-11	barcode-11	Adaptor-barcode207-4	20260805_250302Y0001_Run0007	1-15	72 服务器	/data1/ccs_data/str-optimization/second-batch-of-data/20260805_250302Y0001_Run0007/barcode_assign/Barcode11.fastq	12337	/data1/ccs_data/str-optimization/second-batch-of-data/sanger_result/merged_output/STR27-4.intersect.fa	629	
第二批	27-9	24标签-12	barcode-12	Adaptor-barcode222-2	20260805_250302Y0001_Run0007	1-15	72 服务器	/data1/ccs_data/str-optimization/second-batch-of-data/20260805_250302Y0001_Run0007/barcode_assign/Barcode12.fastq	21028	/data1/ccs_data/str-optimization/second-batch-of-data/sanger_result/merged_output/STR27-9.intersect.fa	377	
第二批	28-1	24标签-13	barcode-13	Adaptor-barcode270-0	20260805_250302Y0001_Run0007	1-15	72 服务器	/data1/ccs_data/str-optimization/second-batch-of-data/20260805_250302Y0001_Run0007/barcode_assign/Barcode13.fastq	18537	/data1/ccs_data/str-optimization/second-batch-of-data/sanger_result/merged_output/STR28-1.intersect.fa	738	
第二批	28-2	24标签-14	barcode-14	Adaptor-barcode201-5	20260805_250302Y0001_Run0007	1-15	72 服务器	/data1/ccs_data/str-optimization/second-batch-of-data/20260805_250302Y0001_Run0007/barcode_assign/Barcode14.fastq	23013	/data1/ccs_data/str-optimization/second-batch-of-data/sanger_result/merged_output/STR28-2.intersect.fa	741	
第二批	28-3	24标签-15	barcode-15	Adaptor-barcode253-4	20260805_250302Y0001_Run0007	1-15	72 服务器	/data1/ccs_data/str-optimization/second-batch-of-data/20260805_250302Y0001_Run0007/barcode_assign/Barcode15.fastq	11368	/data1/ccs_data/str-optimization/second-batch-of-data/sanger_result/merged_output/STR28-3.intersect.fa	744	
第二批	3N-1	24标签-1	barcode-01	Adaptor-barcode251-4	20260805_250804Y0004_Run0001	1-15	153服务器-PRO	/data1/ccs_data/str-optimization/second-batch-of-data/20260805_250804Y0004_Run0001/barcodes_reads_fastq_amplicon/Adaptor-barcode251-4.fastq	10143	/data1/ccs_data/str-optimization/second-batch-of-data/sanger_result/merged_output/STR3N-1.intersect.fa	871	
第二批	5-3	24标签-2	barcode-02	Adaptor-barcode250-4	20260805_250804Y0004_Run0001	1-15	153服务器-PRO	/data1/ccs_data/str-optimization/second-batch-of-data/20260805_250804Y0004_Run0001/barcodes_reads_fastq_amplicon/Adaptor-barcode250-4.fastq	32936	/data1/ccs_data/str-optimization/second-batch-of-data/sanger_result/merged_output/STR5-3.intersect.fa	784	
第二批	5-8	24标签-3	barcode-03	Adaptor-barcode271-3	20260805_250804Y0004_Run0001	1-15	153服务器-PRO	/data1/ccs_data/str-optimization/second-batch-of-data/20260805_250804Y0004_Run0001/barcodes_reads_fastq_amplicon/Adaptor-barcode271-3.fastq	17385	/data1/ccs_data/str-optimization/second-batch-of-data/sanger_result/merged_output/STR5-8.intersect.fa	790	
第二批	5-10	24标签-4	barcode-04	Adaptor-barcode266-2	20260805_250804Y0004_Run0001	1-15	153服务器-PRO	/data1/ccs_data/str-optimization/second-batch-of-data/20260805_250804Y0004_Run0001/barcodes_reads_fastq_amplicon/Adaptor-barcode266-2.fastq	33238	/data1/ccs_data/str-optimization/second-batch-of-data/sanger_result/merged_output/STR5-10.intersect.fa	787	
第二批	5-12	24标签-5	barcode-05	Adaptor-barcode229-0	20260805_250804Y0004_Run0001	1-15	153服务器-PRO	/data1/ccs_data/str-optimization/second-batch-of-data/20260805_250804Y0004_Run0001/barcodes_reads_fastq_amplicon/Adaptor-barcode229-0.fastq	24916	/data1/ccs_data/str-optimization/second-batch-of-data/sanger_result/merged_output/STR5-12.intersect.fa	789	
第二批	5-15	24标签-6	barcode-06	Adaptor-barcode255-3	20260805_250804Y0004_Run0001	1-15	153服务器-PRO	/data1/ccs_data/str-optimization/second-batch-of-data/20260805_250804Y0004_Run0001/barcodes_reads_fastq_amplicon/Adaptor-barcode255-3.fastq	15494	/data1/ccs_data/str-optimization/second-batch-of-data/sanger_result/merged_output/STR5-15.intersect.fa	780	
第二批	7-10	24标签-7	barcode-07	Adaptor-barcode261-3	20260805_250804Y0004_Run0001	1-15	153服务器-PRO	/data1/ccs_data/str-optimization/second-batch-of-data/20260805_250804Y0004_Run0001/barcodes_reads_fastq_amplicon/Adaptor-barcode261-3.fastq	15244	/data1/ccs_data/str-optimization/second-batch-of-data/sanger_result/merged_output/STR7-10.intersect.fa	687	
第二批	12-9	24标签-8	barcode-08	Adaptor-barcode206-3	20260805_250804Y0004_Run0001	1-15	153服务器-PRO	/data1/ccs_data/str-optimization/second-batch-of-data/20260805_250804Y0004_Run0001/barcodes_reads_fastq_amplicon/Adaptor-barcode206-3.fastq	11502	/data1/ccs_data/str-optimization/second-batch-of-data/sanger_result/merged_output/STR12-9.intersect.fa	677	
第二批	25-1	24标签-9	barcode-09	Adaptor-barcode230-2	20260805_250804Y0004_Run0001	1-15	153服务器-PRO	/data1/ccs_data/str-optimization/second-batch-of-data/20260805_250804Y0004_Run0001/barcodes_reads_fastq_amplicon/Adaptor-barcode230-2.fastq	20944	/data1/ccs_data/str-optimization/second-batch-of-data/sanger_result/merged_output/STR25-1.intersect.fa	788	
第二批	27-1	24标签-10	barcode-10	Adaptor-barcode256-3	20260805_250804Y0004_Run0001	1-15	153服务器-PRO	/data1/ccs_data/str-optimization/second-batch-of-data/20260805_250804Y0004_Run0001/barcodes_reads_fastq_amplicon/Adaptor-barcode256-3.fastq	20859	/data1/ccs_data/str-optimization/second-batch-of-data/sanger_result/merged_output/STR27-1.intersect.fa	384	
第二批	27-4	24标签-11	barcode-11	Adaptor-barcode207-4	20260805_250804Y0004_Run0001	1-15	153服务器-PRO	/data1/ccs_data/str-optimization/second-batch-of-data/20260805_250804Y0004_Run0001/barcodes_reads_fastq_amplicon/Adaptor-barcode207-4.fastq	16824	/data1/ccs_data/str-optimization/second-batch-of-data/sanger_result/merged_output/STR27-4.intersect.fa	629	
第二批	27-9	24标签-12	barcode-12	Adaptor-barcode222-2	20260805_250804Y0004_Run0001	1-15	153服务器-PRO	/data1/ccs_data/str-optimization/second-batch-of-data/20260805_250804Y0004_Run0001/barcodes_reads_fastq_amplicon/Adaptor-barcode222-2.fastq	29885	/data1/ccs_data/str-optimization/second-batch-of-data/sanger_result/merged_output/STR27-9.intersect.fa	377	
第二批	28-1	24标签-13	barcode-13	Adaptor-barcode270-0	20260805_250804Y0004_Run0001	1-15	153服务器-PRO	/data1/ccs_data/str-optimization/second-batch-of-data/20260805_250804Y0004_Run0001/barcodes_reads_fastq_amplicon/Adaptor-barcode270-0.fastq	26550	/data1/ccs_data/str-optimization/second-batch-of-data/sanger_result/merged_output/STR28-1.intersect.fa	738	
第二批	28-2	24标签-14	barcode-14	Adaptor-barcode201-5	20260805_250804Y0004_Run0001	1-15	153服务器-PRO	/data1/ccs_data/str-optimization/second-batch-of-data/20260805_250804Y0004_Run0001/barcodes_reads_fastq_amplicon/Adaptor-barcode201-5.fastq	31239	/data1/ccs_data/str-optimization/second-batch-of-data/sanger_result/merged_output/STR28-2.intersect.fa	741	
第二批	28-3	24标签-15	barcode-15	Adaptor-barcode253-4	20260805_250804Y0004_Run0001	1-15	153服务器-PRO	/data1/ccs_data/str-optimization/second-batch-of-data/20260805_250804Y0004_Run0001/barcodes_reads_fastq_amplicon/Adaptor-barcode253-4.fastq	15920	/data1/ccs_data/str-optimization/second-batch-of-data/sanger_result/merged_output/STR28-3.intersect.fa	744	
第二批	29-1	24标签-1	barcode-01	Adaptor-barcode251-4	20260805_250804Y0004_Run0002	16-29	153服务器-PRO	/data1/ccs_data/str-optimization/second-batch-of-data/20260805_250804Y0004_Run0002/barcodes_reads_fastq_amplicon/Adaptor-barcode251-4.fastq	6305	/data1/ccs_data/str-optimization/second-batch-of-data/sanger_result/merged_output/STR29-1.intersect.fa	675	
第二批	29-2	24标签-2	barcode-02	Adaptor-barcode250-4	20260805_250804Y0004_Run0002	16-29	153服务器-PRO	/data1/ccs_data/str-optimization/second-batch-of-data/20260805_250804Y0004_Run0002/barcodes_reads_fastq_amplicon/Adaptor-barcode250-4.fastq	24562	/data1/ccs_data/str-optimization/second-batch-of-data/sanger_result/merged_output/STR29-2.intersect.fa	680	
第二批	29-3	24标签-3	barcode-03	Adaptor-barcode271-3	20260805_250804Y0004_Run0002	16-29	153服务器-PRO	/data1/ccs_data/str-optimization/second-batch-of-data/20260805_250804Y0004_Run0002/barcodes_reads_fastq_amplicon/Adaptor-barcode271-3.fastq	18409	/data1/ccs_data/str-optimization/second-batch-of-data/sanger_result/merged_output/STR29-3.intersect.fa	665	
第二批	29-5	24标签-4	barcode-04	Adaptor-barcode266-2	20260805_250804Y0004_Run0002	16-29	153服务器-PRO	/data1/ccs_data/str-optimization/second-batch-of-data/20260805_250804Y0004_Run0002/barcodes_reads_fastq_amplicon/Adaptor-barcode266-2.fastq	38515	/data1/ccs_data/str-optimization/second-batch-of-data/sanger_result/merged_output/STR29-5.intersect.fa	664	
第二批	29-8	24标签-5	barcode-05	Adaptor-barcode229-0	20260805_250804Y0004_Run0002	16-29	153服务器-PRO	/data1/ccs_data/str-optimization/second-batch-of-data/20260805_250804Y0004_Run0002/barcodes_reads_fastq_amplicon/Adaptor-barcode229-0.fastq	33915	/data1/ccs_data/str-optimization/second-batch-of-data/sanger_result/merged_output/STR29-8.intersect.fa	680	
第二批	29-9	24标签-6	barcode-06	Adaptor-barcode255-3	20260805_250804Y0004_Run0002	16-29	153服务器-PRO	/data1/ccs_data/str-optimization/second-batch-of-data/20260805_250804Y0004_Run0002/barcodes_reads_fastq_amplicon/Adaptor-barcode255-3.fastq	13295	/data1/ccs_data/str-optimization/second-batch-of-data/sanger_result/merged_output/STR29-9.intersect.fa	667	
第二批	29-10	24标签-7	barcode-07	Adaptor-barcode261-3	20260805_250804Y0004_Run0002	16-29	153服务器-PRO	/data1/ccs_data/str-optimization/second-batch-of-data/20260805_250804Y0004_Run0002/barcodes_reads_fastq_amplicon/Adaptor-barcode261-3.fastq	8428	/data1/ccs_data/str-optimization/second-batch-of-data/sanger_result/merged_output/STR29-10.intersect.fa	664	
第二批	33-3	24标签-8	barcode-08	Adaptor-barcode206-3	20260805_250804Y0004_Run0002	16-29	153服务器-PRO	/data1/ccs_data/str-optimization/second-batch-of-data/20260805_250804Y0004_Run0002/barcodes_reads_fastq_amplicon/Adaptor-barcode206-3.fastq	8424	/data1/ccs_data/str-optimization/second-batch-of-data/sanger_result/merged_output/intersect.fa	782	无独立参考文件，取汇总文件内记录
第二批	33-5	24标签-9	barcode-09	Adaptor-barcode230-2	20260805_250804Y0004_Run0002	16-29	153服务器-PRO	/data1/ccs_data/str-optimization/second-batch-of-data/20260805_250804Y0004_Run0002/barcodes_reads_fastq_amplicon/Adaptor-barcode230-2.fastq	16198	/data1/ccs_data/str-optimization/second-batch-of-data/sanger_result/merged_output/intersect.fa	920	无独立参考文件，取汇总文件内记录
第二批	33-6	24标签-10	barcode-10	Adaptor-barcode256-3	20260805_250804Y0004_Run0002	16-29	153服务器-PRO	/data1/ccs_data/str-optimization/second-batch-of-data/20260805_250804Y0004_Run0002/barcodes_reads_fastq_amplicon/Adaptor-barcode256-3.fastq	18872	/data1/ccs_data/str-optimization/second-batch-of-data/sanger_result/merged_output/STR33-6.intersect.fa	819	
第二批	33-11	24标签-11	barcode-11	Adaptor-barcode207-4	20260805_250804Y0004_Run0002	16-29	153服务器-PRO	/data1/ccs_data/str-optimization/second-batch-of-data/20260805_250804Y0004_Run0002/barcodes_reads_fastq_amplicon/Adaptor-barcode207-4.fastq	9307	/data1/ccs_data/str-optimization/second-batch-of-data/sanger_result/merged_output/intersect.fa	975	无独立参考文件，取汇总文件内记录
第二批	38-1	24标签-12	barcode-12	Adaptor-barcode222-2	20260805_250804Y0004_Run0002	16-29	153服务器-PRO	/data1/ccs_data/str-optimization/second-batch-of-data/20260805_250804Y0004_Run0002/barcodes_reads_fastq_amplicon/Adaptor-barcode222-2.fastq	24838	/data1/ccs_data/str-optimization/second-batch-of-data/sanger_result/merged_output/STR38-1.intersect.fa	702	
第二批	38-2	24标签-13	barcode-13	Adaptor-barcode270-0	20260805_250804Y0004_Run0002	16-29	153服务器-PRO	/data1/ccs_data/str-optimization/second-batch-of-data/20260805_250804Y0004_Run0002/barcodes_reads_fastq_amplicon/Adaptor-barcode270-0.fastq	20375	/data1/ccs_data/str-optimization/second-batch-of-data/sanger_result/merged_output/STR38-2.intersect.fa	698	
第二批	38-3	24标签-14	barcode-14	Adaptor-barcode201-5	20260805_250804Y0004_Run0002	16-29	153服务器-PRO	/data1/ccs_data/str-optimization/second-batch-of-data/20260805_250804Y0004_Run0002/barcodes_reads_fastq_amplicon/Adaptor-barcode201-5.fastq	12196	/data1/ccs_data/str-optimization/second-batch-of-data/sanger_result/merged_output/STR38-3.intersect.fa	698	
第三批	48-4	24标签-1	barcode-01	Adaptor-barcode251-4	20260815_250804Y0004_Run0002	30-43	153服务器	/data1/ccs_data/str-optimization/third-batch-of-data/20260815_250804Y0004_Run0002/barcode_assign/Adaptor-barcode251-4.fastq	17754	/data1/ccs_data/str-optimization/third-batch-of-data/STR第三批一代测序/STR第三批一代测序/merged_output/260805STR48-4.fa	729	
第三批	4-1	24标签-2	barcode-02	Adaptor-barcode250-4	20260815_250804Y0004_Run0002	30-43	153服务器	/data1/ccs_data/str-optimization/third-batch-of-data/20260815_250804Y0004_Run0002/barcode_assign/Adaptor-barcode250-4.fastq	29444	/data1/ccs_data/str-optimization/third-batch-of-data/STR第三批一代测序/STR第三批一代测序/merged_output/260731STR4-1.fa	664	
第三批	40-2	24标签-3	barcode-03	Adaptor-barcode271-3	20260815_250804Y0004_Run0002	30-43	153服务器	/data1/ccs_data/str-optimization/third-batch-of-data/20260815_250804Y0004_Run0002/barcode_assign/Adaptor-barcode271-3.fastq	11215	/data1/ccs_data/str-optimization/third-batch-of-data/STR第三批一代测序/STR第三批一代测序/merged_output/260731STR40-2.fa	903	
第三批	18-1	24标签-4	barcode-04	Adaptor-barcode266-2	20260815_250804Y0004_Run0002	30-43	153服务器	/data1/ccs_data/str-optimization/third-batch-of-data/20260815_250804Y0004_Run0002/barcode_assign/Adaptor-barcode266-2.fastq	28480	/data1/ccs_data/str-optimization/third-batch-of-data/STR第三批一代测序/STR第三批一代测序/merged_output/260805STR18-1.fa	603	
第三批	37-1	24标签-5	barcode-05	Adaptor-barcode229-0	20260815_250804Y0004_Run0002	30-43	153服务器	/data1/ccs_data/str-optimization/third-batch-of-data/20260815_250804Y0004_Run0002/barcode_assign/Adaptor-barcode229-0.fastq	30344	/data1/ccs_data/str-optimization/third-batch-of-data/STR第三批一代测序/STR第三批一代测序/merged_output/260731STR37-1.fa	719	
第三批	20-1	24标签-6	barcode-06	Adaptor-barcode255-3	20260815_250804Y0004_Run0002	30-43	153服务器	/data1/ccs_data/str-optimization/third-batch-of-data/20260815_250804Y0004_Run0002/barcode_assign/Adaptor-barcode255-3.fastq	17591	/data1/ccs_data/str-optimization/third-batch-of-data/STR第三批一代测序/STR第三批一代测序/merged_output/260805STR20-1.fa	635	
第三批	31-1	24标签-7	barcode-07	Adaptor-barcode261-3	20260815_250804Y0004_Run0002	30-43	153服务器	/data1/ccs_data/str-optimization/third-batch-of-data/20260815_250804Y0004_Run0002/barcode_assign/Adaptor-barcode261-3.fastq	17593	/data1/ccs_data/str-optimization/third-batch-of-data/STR第三批一代测序/STR第三批一代测序/merged_output/260805STR31-1.fa	951	
第三批	22-1	24标签-8	barcode-08	Adaptor-barcode206-3	20260815_250804Y0004_Run0002	30-43	153服务器	/data1/ccs_data/str-optimization/third-batch-of-data/20260815_250804Y0004_Run0002/barcode_assign/Adaptor-barcode206-3.fastq	14799	/data1/ccs_data/str-optimization/third-batch-of-data/STR第三批一代测序/STR第三批一代测序/merged_output/260805STR22-1.fa	334	
第三批	32-1	24标签-9	barcode-09	Adaptor-barcode230-2	20260815_250804Y0004_Run0002	30-43	153服务器	/data1/ccs_data/str-optimization/third-batch-of-data/20260815_250804Y0004_Run0002/barcode_assign/Adaptor-barcode230-2.fastq	20995	/data1/ccs_data/str-optimization/third-batch-of-data/STR第三批一代测序/STR第三批一代测序/merged_output/260805STR32-1.fa	553	
第三批	35-2	24标签-10	barcode-10	Adaptor-barcode256-3	20260815_250804Y0004_Run0002	30-43	153服务器	/data1/ccs_data/str-optimization/third-batch-of-data/20260815_250804Y0004_Run0002/barcode_assign/Adaptor-barcode256-3.fastq	25097	/data1/ccs_data/str-optimization/third-batch-of-data/STR第三批一代测序/STR第三批一代测序/merged_output/260731STR35-2.fa	727	
第三批	85-1	24标签-11	barcode-11	Adaptor-barcode207-4	20260815_250804Y0004_Run0002	30-43	153服务器	/data1/ccs_data/str-optimization/third-batch-of-data/20260815_250804Y0004_Run0002/barcode_assign/Adaptor-barcode207-4.fastq	22043	/data1/ccs_data/str-optimization/third-batch-of-data/STR第三批一代测序/STR第三批一代测序/merged_output/260805STR85-1.fa	617	
第三批	17-1	24标签-12	barcode-12	Adaptor-barcode222-2	20260815_250804Y0004_Run0002	30-43	153服务器	/data1/ccs_data/str-optimization/third-batch-of-data/20260815_250804Y0004_Run0002/barcode_assign/Adaptor-barcode222-2.fastq	34763	/data1/ccs_data/str-optimization/third-batch-of-data/STR第三批一代测序/STR第三批一代测序/merged_output/260805STR17-1.fa	346	
第三批	36-2	24标签-13	barcode-13	Adaptor-barcode270-0	20260815_250804Y0004_Run0002	30-43	153服务器	/data1/ccs_data/str-optimization/third-batch-of-data/20260815_250804Y0004_Run0002/barcode_assign/Adaptor-barcode270-0.fastq	19373	/data1/ccs_data/str-optimization/third-batch-of-data/STR第三批一代测序/STR第三批一代测序/merged_output/260805STR36-2.fa	722	
第三批	41-1	24标签-14	barcode-14	Adaptor-barcode201-5	20260815_250804Y0004_Run0002	30-43	153服务器	/data1/ccs_data/str-optimization/third-batch-of-data/20260815_250804Y0004_Run0002/barcode_assign/Adaptor-barcode201-5.fastq	24564	/data1/ccs_data/str-optimization/third-batch-of-data/STR第三批一代测序/STR第三批一代测序/merged_output/260731STR41-1.fa	777	
